489204	right pelvic pain causes
573724	what are the social determinants of health
168216	does legionella pneumophila cause pneumonia
527433	types of dysarthria from cerebral palsy
148538	difference between rn and bsn
451602	medicare's definition of mechanical ventilation
1114819	what is durable medical equipment consist of
183378	exons definition biology
1106007	define visceral?
87181	causes of left ventricular hypertrophy
855410	what is theraderm used for
1114646	what is famvir prescribed for
47923	axon terminals or synaptic knob definition
